№;Герб;Город;Регион;Федеральный округ;Население;Основание илипервое упоминание;Статус города[4];Прежние названия
1;;Абаза;Хакасия;Сибирский;12 272;1867;1966;
2;;Абакан;Хакасия;Сибирский;184 769;1734;1931;
3;;Абдулино;Оренбургская область;Приволжский;17 274;1795;1923;
4;;Абинск;Краснодарский край;Южный;39 511;1863;1963;
5;;Агидель;Башкортостан;Приволжский;14 219;1980;1991;
6;;Агрыз;Татарстан;Приволжский;19 991;1646;1938;
7;;Адыгейск;Адыгея;Южный;13 175;1969;1976;
8;;Азнакаево;Татарстан;Приволжский;34 750;1762;1987;
9;;Азов;Ростовская область;Южный;81 924;1067;1708;
10;;Ак-Довурак;Тыва;Сибирский;12 456;1964;1964;
11;;Аксай;Ростовская область;Южный;48 372;1570;1957;Аксайская
12;;Алагир;Северная Осетия;Северо-Кавказский;21 550;1850;1938;
13;;Алапаевск;Свердловская область;Уральский;36 189;1639;1781;
14;;Алатырь;Чувашия;Приволжский;32 265;1552;1552;
15;;Алдан;Якутия;Дальневосточный;21 590;1924;1932;
16;;Алейск;Алтайский край;Сибирский;25 380;1913;1939;
17;;Александров;Владимирская область;Центральный;57 053;;1778;Александрова слобода
18;;Александровск;Пермский край;Приволжский;10 780;1783;1951;
19;;Александровск-Сахалинский;Сахалинская область;Дальневосточный;8854;1869;1917;
20;;Алексеевка;Белгородская область;Центральный;36 578;1685;1954;
21;;Алексин;Тульская область;Центральный;60 842;1348;1777;
22;;Алзамай;Иркутская область;Сибирский;5373;1899;1955;
23;;;Крым;Южный;9063;960;1938;
24;;;Крым;Южный;31 364;;1902;
25;;Альметьевск;Татарстан;Приволжский;163 512;;1953;
26;;Амурск;Хабаровский край;Дальневосточный;38 606;1958;1973;Падали-Восточное
27;;Анадырь;Чукотский АО;Дальневосточный;13 202;1889;1965;
28;;Анапа;Краснодарский край;Южный;81 863;1781;1846;
29;;Ангарск;Иркутская область;Сибирский;221 296;1948;1951;Майск
30;;Андреаполь;Тверская область;Центральный;6956;1907;1967;Андреяполь
31;;Анжеро-Судженск;Кемеровская область;Сибирский;66 583;1896;1931;
32;;Анива;Сахалинская область;Дальневосточный;9638;1886;1946;
33;;Апатиты;Мурманская область;Северо-Западный;49 647;1926;1966;
34;;Апрелевка;Московская область;Центральный;35 514;1899;1961;
35;;Апшеронск;Краснодарский край;Южный;40 289;1863;1947;
36;;Арамиль;Свердловская область;Уральский;19 013;1675;1966;
37;;Аргун;Чечня;Северо-Кавказский;41 622;;1967;
38;;Ардатов;Мордовия;Приволжский;8857;1671;1780;
39;;Ардон;Северная Осетия;Северо-Кавказский;18 956;1824;1964;
40;;Арзамас;Нижегородская область;Приволжский;104 908;1552;1578;
41;;Аркадак;Саратовская область;Приволжский;10 990;1721;1963;
42;;Армавир;Краснодарский край;Южный;187 177;1839;1914;
43;;;Крым;Южный;20 692;1736;1993;
44;;Арсеньев;Приморский край;Дальневосточный;47 937;1902;1952;
45;;Арск;Татарстан;Приволжский;20 421;;2008;
46;;Артём;Приморский край;Дальневосточный;109 556;1924;1938;Зыбунный
47;;Артёмовск;Красноярский край;Сибирский;1510;1700;1939;
48;;Артёмовский;Свердловская область;Уральский;28 943;1665;1938;Егоршинские копи
49;;Архангельск;Архангельская область;Северо-Западный;301 199;1584;1613;
50;;Асбест;Свердловская область;Уральский;57 317;1889;1933;
51;;Асино;Томская область;Сибирский;24 913;1896;1952;
52;;Астрахань;Астраханская область;Южный;475 629;1558;1717;
53;;Аткарск;Саратовская область;Приволжский;22 709;;1780;
54;;Ахтубинск;Астраханская область;Южный;35 635;1768;1959;
55;;Ачинск;Красноярский край;Сибирский;100 621;1683;1782;
56;;Ачхой-Мартан;Чечня;Северо-Кавказский;30 739;1846;2023;
57;;Аша;Челябинская область;Уральский;27 890;1898;1933;
58;;Бабаево;Вологодская область;Северо-Западный;11 739;;1925;
59;;Бабушкин;Бурятия;Сибирский;4368;1760;1902;
60;;Бавлы;Татарстан;Приволжский;21 628;1658;1997;
61;;Багратионовск;Калининградская область;Северо-Западный;6417;1336;1946;
62;;Байкальск;Иркутская область;Сибирский;13 199;1961;1966;
63;;Баймак;Башкортостан;Приволжский;17 833;1850;1938;
64;;Бакал;Челябинская область;Уральский;16 345;1757;1951;
65;;Баксан;Кабардино-Балкария;Северо-Кавказский;39 593;1891;1967;
66;;Балабаново;Калужская область;Центральный;29 029;1584;1972;
67;;Балаково;Саратовская область;Приволжский;184 466;1762;1911;
68;;Балахна;Нижегородская область;Приволжский;48 569;1474;1536;
69;;Балашиха;Московская область;Центральный;520 962;1830;1939;
70;;Балашов;Саратовская область;Приволжский;74 057;;1780;
71;;Балей;Забайкальский край;Сибирский;10 286;1736;1932;
72;;Балтийск;Калининградская область;Северо-Западный;26 796;1626;1725;
73;;Барабинск;Новосибирская область;Сибирский;27 648;1893;1917;
74;;Барнаул;Алтайский край;Сибирский;630 877;1730;1771;
75;;Барыш;Ульяновская область;Приволжский;14 924;;1954;
76;;Батайск;Ростовская область;Южный;126 988;1769;1938;
77;;;Крым;Южный;28 609;1532;1532;
78;;Бежецк;Тверская область;Центральный;21 466;1137;1775;
79;;Белая Калитва;Ростовская область;Южный;40 448;1703;1958;Усть-Белокалитвенская
80;;Белая Холуница;Кировская область;Приволжский;9659;1764;1965;
81;;Белгород;Белгородская область;Центральный;339 978;1596;1596;
82;;Белебей;Башкортостан;Приволжский;59 195;1757;1781;
83;;Белёв;Тульская область;Центральный;12 846;1147;1147;
84;;Белинский;Пензенская область;Приволжский;8656;1708;1780;
85;;Белово;Кемеровская область;Сибирский;68 542;1726;1938;
86;;Белогорск;Амурская область;Дальневосточный;61 440;1860;1926;
87;;;Крым;Южный;17 445;;;
88;;Белозерск;Вологодская область;Северо-Западный;8375;862;862;Белоозеро
89;;Белокуриха;Алтайский край;Сибирский;14 735;1846;1982;
90;;Беломорск;Карелия;Северо-Западный;7708;;1938;
91;;Белоозёрский;Московская область;Центральный;13 737;1961;2019;
92;;Белорецк;Башкортостан;Приволжский;64 525;1762;1923;
93;;Белореченск;Краснодарский край;Южный;55 870;1862;1958;
94;;Белоусово;Калужская область;Центральный;10 946;1962;2004;
95;;Белоярский;Ханты-Мансийский АО;Уральский;19 994;1969;1988;
96;;Белый;Тверская область;Центральный;3125;1350;1350;
97;;Бердск;Новосибирская область;Сибирский;102 850;1716;1944;
98;;Березники;Пермский край;Приволжский;138 069;1623;1932;
99;;Берёзовский;Кемеровская область;Сибирский;44 932;1965;1965;
100;;Берёзовский;Свердловская область;Уральский;59 698;1748;1938;
101;;Беслан;Северная Осетия;Северо-Кавказский;35 929;1847;1950;
102;;Бийск;Алтайский край;Сибирский;183 852;1709;1782;
103;;Бикин;Хабаровский край;Дальневосточный;16 240;1895;1938;
104;;Билибино;Чукотский АО;Дальневосточный;5546;1955;1993;
105;;Биробиджан;Еврейская АО;Дальневосточный;70 064;1915;1931;
106;;Бирск;Башкортостан;Приволжский;44 295;1663;1781;Архангельское
107;;Бирюсинск;Иркутская область;Сибирский;8632;1897;1967;
108;;Бирюч;Белгородская область;Центральный;7114;1705;2005;
109;;Благовещенск;Башкортостан;Приволжский;35 481;1756;1941;
110;;Благовещенск;Амурская область;Дальневосточный;241 437;1856;1858;
111;;Благодарный;Ставропольский край;Северо-Кавказский;30 827;1782;1971;Солдатское
112;;Бобров;Воронежская область;Центральный;20 871;1698;1711;
113;;Богданович;Свердловская область;Уральский;30 142;1885;1947;
114;;Богородицк;Тульская область;Центральный;29 560;1663;1777;
115;;Богородск;Нижегородская область;Приволжский;35 068;1561;1923;
116;;Боготол;Красноярский край;Сибирский;18 206;1893;1911;
117;;Богучар;Воронежская область;Центральный;14 370;1704;1779;
118;;Бодайбо;Иркутская область;Сибирский;8921;1864;1903;
119;;Бокситогорск;Ленинградская область;Северо-Западный;16 185;1929;1950;
120;;Болгар;Татарстан;Приволжский;8285;X век;1957;
121;;Бологое;Тверская область;Центральный;20 234;1495;1918;
122;;Болотное;Новосибирская область;Сибирский;15 644;1805;1943;
123;;Болохово;Тульская область;Центральный;9339;;1943;
124;;Болхов;Орловская область;Центральный;9495;1196;1778;
125;;Большой Камень;Приморский край;Дальневосточный;41 825;1947;1989;
126;;Бор;Нижегородская область;Приволжский;78 372;;1938;
127;;Борзя;Забайкальский край;Сибирский;29 596;1899;1950;
128;;Борисоглебск;Воронежская область;Центральный;60 687;1698;1779;
129;;Боровичи;Новгородская область;Северо-Западный;47 883;;1770;
130;;Боровск;Калужская область;Центральный;12 598;1358;1358;
131;;Бородино;Красноярский край;Сибирский;15 174;1949;1981;
132;;Братск;Иркутская область;Сибирский;224 071;1631;1955;
133;;Бронницы;Московская область;Центральный;21 831;1453;1781;Броничи
134;;Брянск;Брянская область;Центральный;379 152;985;985;Дебрянск
135;;Бугульма;Татарстан;Приволжский;81 677;1736;1781;
136;;Бугуруслан;Оренбургская область;Приволжский;43 593;1748;1781;
137;;Будённовск;Ставропольский край;Северо-Кавказский;58 103;1799;1799;
138;;Бузулук;Оренбургская область;Приволжский;88 341;1736;1781;
139;;Буинск;Татарстан;Приволжский;19 968;1691;1780;
140;;Буй;Костромская область;Центральный;20 564;1536;1719;
141;;Буйнакск;Дагестан;Северо-Кавказский;68 121;1834;1866;
142;;Бутурлиновка;Воронежская область;Центральный;24 397;1740;1917;
143;;Валдай;Новгородская область;Северо-Западный;14 074;;1770;
144;;Валуйки;Белгородская область;Центральный;33 032;1593;1593;
145;;Велиж;Смоленская область;Центральный;6293;1536;1776;
146;;Великие Луки;Псковская область;Северо-Западный;86 711;1166;1777;
147;;Великий Новгород;Новгородская область;Северо-Западный;224 286;;859;
148;;Великий Устюг;Вологодская область;Северо-Западный;28 670;1147;1147;Устюг
149;;Вельск;Архангельская область;Северо-Западный;21 613;1137;1780;
150;;Венёв;Тульская область;Центральный;12 668;1371;1777;
151;;Верещагино;Пермский край;Приволжский;22 239;1898;1942;
152;;Верея;Московская область;Центральный;4906;1371;1781;
153;;Верхнеуральск;Челябинская область;Уральский;8929;1734;1781;
154;;Верхний Тагил;Свердловская область;Уральский;10 113;1716;1966;
155;;Верхний Уфалей;Челябинская область;Уральский;22 981;1761;1941;Верхне-Уфалейский завод
156;;Верхняя Пышма;Свердловская область;Уральский;71 335;1854;1946;
157;;Верхняя Салда;Свердловская область;Уральский;41 034;1778;1938;
158;;Верхняя Тура;Свердловская область;Уральский;8554;1737;1941;
159;;Верхотурье;Свердловская область;Уральский;6706;1597;1598;
160;;Верхоянск;Якутия;Дальневосточный;828;1638;1817;
161;;Весьегонск;Тверская область;Центральный;6330;1564;1776;
162;;Ветлуга;Нижегородская область;Приволжский;7681;1606;1778;
163;;Видное;Московская область;Центральный;101 490;1949;1965;
164;;Вилюйск;Якутия;Дальневосточный;10 032;1634;1783;
165;;Вилючинск;Камчатский край;Дальневосточный;21 774;1968;1968;
166;;Вихоревка;Иркутская область;Сибирский;21 719;1947;1966;
167;;Вичуга;Ивановская область;Центральный;30 694;1925;1925;
168;;Владивосток;Приморский край;Дальневосточный;603 519;1860;1880;
169;;Владикавказ;Северная Осетия;Северо-Кавказский;295 830;1784;1860;
170;;Владимир;Владимирская область;Центральный;349 951;990;990;
171;;Волгоград;Волгоградская область;Южный;1 028 036;1589;1780;
172;;Волгодонск;Ростовская область;Южный;168 048;1950;1956;Волго-Донск
173;;Волгореченск;Костромская область;Центральный;14 355;1964;1994;
174;;Волжск;Марий Эл;Приволжский;53 013;;1940;
175;;Волжский;Волгоградская область;Южный;321 479;1951;1954;
176;;Вологда;Вологодская область;Северо-Западный;313 944;1147;1147;
177;;Володарск;Нижегородская область;Приволжский;9705;;1956;
178;;Волоколамск;Московская область;Центральный;26 389;1135;1135;
179;;Волосово;Ленинградская область;Северо-Западный;11 931;1870;1999;
180;;Волхов;Ленинградская область;Северо-Западный;38 511;1918;1933;
181;;Волчанск;Свердловская область;Уральский;8573;1956;1956;
182;;Вольск;Саратовская область;Приволжский;55 035;1780;1780;
183;;Воркута;Коми;Северо-Западный;56 985;1936;1943;Рудник
184;;Воронеж;Воронежская область;Центральный;1 057 681;1586;1586;
185;;Ворсма;Нижегородская область;Приволжский;10 162;1588;1955;
186;;Воскресенск;Московская область;Центральный;95 495;1862;1938;
187;;Воткинск;Удмуртия;Приволжский;97 471;1759;1935;Воткинский завод
188;;Всеволожск;Ленинградская область;Северо-Западный;79 038;1892;1963;
189;;Вуктыл;Коми;Северо-Западный;9322;1968;1984;
190;;Выборг;Ленинградская область;Северо-Западный;72 530;1293;1403;
191;;Выкса;Нижегородская область;Приволжский;45 240;;1934;
192;;Высоковск;Московская область;Центральный;13 081;1864;1940;
193;;Высоцк;Ленинградская область;Северо-Западный;1129;1532;1940;
194;;Вытегра;Вологодская область;Северо-Западный;10 386;1710;1773;
195;;Вышний Волочёк;Тверская область;Центральный;45 830;1471;1770;
196;;Вяземский;Хабаровский край;Дальневосточный;12 775;1894;1951;Вяземское
197;;Вязники;Владимирская область;Центральный;36 203;1608;1778;
198;;Вязьма;Смоленская область;Центральный;51 950;1239;1776;
199;;Вятские Поляны;Кировская область;Приволжский;29 742;1596;1942;
200;;Гаврилов Посад;Ивановская область;Центральный;5429;1434;1789;
201;;Гаврилов-Ям;Ярославская область;Центральный;16 084;1545;1938;
202;;Гагарин;Смоленская область;Центральный;26 500;1705;1776;
203;;Гаджиево;Мурманская область;Северо-Западный;9297;1957;1981;
204;;Гай;Оренбургская область;Приволжский;33 280;1959;1979;
205;;Галич;Костромская область;Центральный;12 856;1159;1237;Галич Мерьский
206;;Гатчина;Ленинградская область;Северо-Западный;94 377;1499;1796;
207;;Гвардейск;Калининградская область;Северо-Западный;14 122;1255;1722;
208;;Гдов;Псковская область;Северо-Западный;3455;;1322;
209;;Геленджик;Краснодарский край;Южный;80 204;1831;1915;
210;;Георгиевск;Ставропольский край;Северо-Кавказский;63 221;1777;1786;
211;;Глазов;Удмуртия;Приволжский;87 762;1678;1780;
212;;Голицыно;Московская область;Центральный;22 733;1872;2004;
213;;Горбатов;Нижегородская область;Приволжский;2009;;1779;
214;;Горно-Алтайск;Алтай;Сибирский;65 342;1830;1928;
215;;Горнозаводск;Пермский край;Приволжский;11 073;1947;1965;
216;;Горняк;Алтайский край;Сибирский;10 112;1942;1969;Золотуха
217;;Городец;Нижегородская область;Приволжский;28 660;1152;1922;
218;;Городище;Пензенская область;Приволжский;7796;1681;1780;
219;;Городовиковск;Калмыкия;Южный;8285;1872;1971;
220;;Гороховец;Владимирская область;Центральный;12 666;1158;1158;
221;;Горячий Ключ;Краснодарский край;Южный;40 903;1868;1965;
222;;Грайворон;Белгородская область;Центральный;6179;1678;1838;
223;;Гремячинск;Пермский край;Приволжский;8360;1941;1949;
224;;Грозный;Чечня;Северо-Кавказский;328 533;1818;1869;
225;;Грязи;Липецкая область;Центральный;43 908;1868;1938;
226;;Грязовец;Вологодская область;Северо-Западный;14 505;1538;1780;
227;;Губаха;Пермский край;Приволжский;23 397;1755;1941;
228;;Губкин;Белгородская область;Центральный;85 225;1939;1955;
229;;Губкинский;Ямало-Ненецкий АО;Уральский;33 273;1986;1996;
230;;Гудермес;Чечня;Северо-Кавказский;64 376;;1941;посёлок имени Калинина
231;;Гуково;Ростовская область;Южный;60 361;1878;1955;
232;;Гулькевичи;Краснодарский край;Южный;33 357;1875;1961;
233;;Гурьевск;Калининградская область;Северо-Западный;26 760;1262;1946;
234;;Гурьевск;Кемеровская область;Сибирский;22 134;1816;1938;
235;;Гусев;Калининградская область;Северо-Западный;29 234;;1724;
236;;Гусиноозёрск;Бурятия;Сибирский;24 451;1939;1953;
237;;Гусь-Хрустальный;Владимирская область;Центральный;51 552;1756;1931;
238;;Давлеканово;Башкортостан;Приволжский;21 834;1730-е;1942;
239;;Дагестанские Огни;Дагестан;Северо-Кавказский;31 412;1914;1914;
240;;Далматово;Курганская область;Уральский;11 584;1644;1947;
241;;Дальнегорск;Приморский край;Дальневосточный;33 655;1897;1989;
242;;Дальнереченск;Приморский край;Дальневосточный;23 613;1859;1917;
243;;Данилов;Ярославская область;Центральный;13 677;;1777;
244;;Данков;Липецкая область;Центральный;19 726;1563;1957;Донков
245;;Дегтярск;Свердловская область;Уральский;15 497;1914;1954;
246;;Дедовск;Московская область;Центральный;30 731;1911;1940;
247;;Демидов;Смоленская область;Центральный;6326;1499;1776;
248;;Дербент;Дагестан;Северо-Кавказский;124 953;438;1840;Баб-аль-Абваб
249;;Десногорск;Смоленская область;Центральный;25 345;1974;1989;
250;;;Крым;Южный;37 014;1784;1917;
251;;Дзержинск;Нижегородская область;Приволжский;218 630;1606;1930;
252;;Дзержинский;Московская область;Центральный;57 918;1380-е;1981;Угреша
253;;Дивногорск;Красноярский край;Сибирский;27 477;1956;1963;Скит
254;;Дигора;Северная Осетия;Северо-Кавказский;9922;1852;1964;
255;;Димитровград;Ульяновская область;Приволжский;110 968;1698;1926;
256;;Дмитриев;Курская область;Центральный;6317;1779;1779;
257;;Дмитров;Московская область;Центральный;65 574;1154;1154;
258;;Дмитровск;Орловская область;Центральный;5202;1711;1782;
259;;Дно;Псковская область;Северо-Западный;7850;1897;1925;Донщина
260;;Добрянка;Пермский край;Приволжский;28 782;1623;1943;Домрянка
261;;Долгопрудный;Московская область;Центральный;120 907;1931;1957;
262;;Долинск;Сахалинская область;Дальневосточный;11 740;1884;1946;
263;;Домодедово;Московская область;Центральный;152 404;1900;1947;Никитск
264;;Донецк;Ростовская область;Южный;46 623;1681;1951;
265;;Донской;Тульская область;Центральный;63 837;1773;1939;
266;;Дорогобуж;Смоленская область;Центральный;9528;1150;;
267;;Дрезна;Московская область;Центральный;12 295;1897;1940;
268;;Дубна;Московская область;Центральный;74 183;1956;1956;Иваньково
269;;Дубовка;Волгоградская область;Южный;14 779;1732;1803;
270;;Дудинка;Красноярский край;Сибирский;19 556;1667;1951;
271;;Духовщина;Смоленская область;Центральный;3990;1675;1777;
272;;Дюртюли;Башкортостан;Приволжский;31 185;1795;1989;
273;;Дятьково;Брянская область;Центральный;25 255;1626;1938;
274;;;Крым;Южный;107 877;;1784;
275;;Егорьевск;Московская область;Центральный;71 686;1462;1778;
276;;Ейск;Краснодарский край;Южный;82 943;1848;1848;
277;;Екатеринбург;Свердловская область;Уральский;1 544 376;1723;1781;
278;;Елабуга;Татарстан;Приволжский;73 630;;1780;Трёхсвятское
279;;Елец;Липецкая область;Центральный;99 875;1146;1778;
280;;Елизово;Камчатский край;Дальневосточный;36 240;1848;1975;
281;;Ельня;Смоленская область;Центральный;8332;1150;1776;
282;;Еманжелинск;Челябинская область;Уральский;27 632;1931;1951;
283;;Емва;Коми;Северо-Западный;10 994;1941;1985;
284;;Енисейск;Красноярский край;Сибирский;17 537;1619;1676;
285;;Ермолино;Калужская область;Центральный;10 809;1601;2008;
286;;Ершов;Саратовская область;Приволжский;18 095;1893;1963;
287;;Ессентуки;Ставропольский край;Северо-Кавказский;119 658;1825;1917;Ессентукская
288;;Ефремов;Тульская область;Центральный;36 545;1637;1777;
289;;Железноводск;Ставропольский край;Северо-Кавказский;22 863;1810;1917;
290;;Железногорск;Красноярский край;Сибирский;82 723;1950;1954;
291;;Железногорск;Курская область;Центральный;97 038;1957;1962;
292;;Железногорск-Илимский;Иркутская область;Сибирский;21 621;1948;1965;
293;;Жердевка;Тамбовская область;Центральный;13 883;1745;1954;
294;;Жигулёвск;Самарская область;Приволжский;50 466;1949;1952;
295;;Жиздра;Калужская область;Центральный;5545;1146;1777;
296;;Жирновск;Волгоградская область;Южный;15 555;;1958;
297;;Жуков;Калужская область;Центральный;16 224;;1996;
298;;Жуковка;Брянская область;Центральный;17 628;1871;1962;
299;;Жуковский;Московская область;Центральный;111 222;1935;1947;
300;;Завитинск;Амурская область;Дальневосточный;9615;1906;1954;
301;;Заводоуковск;Тюменская область;Уральский;27 100;1729;1960;
302;;Заволжск;Ивановская область;Центральный;8896;;1954;
303;;Заволжье;Нижегородская область;Приволжский;36 763;1947;1964;Пестово
304;;Задонск;Липецкая область;Центральный;9887;1615;1779;
305;;Заинск;Татарстан;Приволжский;39 739;1656;1978;
306;;Закаменск;Бурятия;Сибирский;11 365;1934;1944;
307;;Заозёрный;Красноярский край;Сибирский;10 573;1776;1948;
308;;Заозёрск;Мурманская область;Северо-Западный;7762;1958;1958;
309;;Западная Двина;Тверская область;Центральный;7869;1900;1937;
310;;Заполярный;Мурманская область;Северо-Западный;14 791;1956;1963;
311;;Зарайск;Московская область;Центральный;20 736;1146;1778;
312;;Заречный;Пензенская область;Приволжский;58 510;1958;1958;
313;;Заречный;Свердловская область;Уральский;28 112;1955;1992;
314;;Заринск;Алтайский край;Сибирский;41 272;1748;1979;
315;;Звенигово;Марий Эл;Приволжский;10 994;1860;1974;
316;;Звенигород;Московская область;Центральный;35 842;1152;1781;
317;;Зверево;Ростовская область;Южный;19 353;1819;1989;
318;;Зеленогорск;Красноярский край;Сибирский;54 279;1956;1956;
319;;Зеленоградск;Калининградская область;Северо-Западный;16 625;1252;1947;
320;;Зеленодольск;Татарстан;Приволжский;99 137;1865;1932;
321;;Зеленокумск;Ставропольский край;Северо-Кавказский;33 187;1781;1965;
322;;Зерноград;Ростовская область;Южный;24 076;1929;1951;
323;;Зея;Амурская область;Дальневосточный;19 414;1879;1907;
324;;Зима;Иркутская область;Сибирский;30 640;1743;1922;
325;;Златоуст;Челябинская область;Уральский;161 774;1754;1865;
326;;Злынка;Брянская область;Центральный;5270;1702;1925;
327;;Змеиногорск;Алтайский край;Сибирский;9410;1736;1952;
328;;Знаменск;Астраханская область;Южный;24 628;1948;1962;
329;;Зубцов;Тверская область;Центральный;6217;1216;1216;
330;;Зуевка;Кировская область;Приволжский;9767;1899;1944;
331;;Ивангород;Ленинградская область;Северо-Западный;9861;1492;1954;
332;;Иваново;Ивановская область;Центральный;361 644;1561;1871;
333;;Ивантеевка;Московская область;Центральный;82 827;1564;1938;
334;;Ивдель;Свердловская область;Уральский;14 306;1831;1943;Никито-Ивдель
335;;Игарка;Красноярский край;Сибирский;3634;1929;1931;
336;;Ижевск;Удмуртия;Приволжский;623 472;1760;1918;
337;;Избербаш;Дагестан;Северо-Кавказский;55 996;1932;1949;
338;;Изобильный;Ставропольский край;Северо-Кавказский;38 614;1895;1965;
339;;Иланский;Красноярский край;Сибирский;15 945;1646;1939;
340;;Инза;Ульяновская область;Приволжский;16 293;1897;1946;
341;;Иннополис;Татарстан;Приволжский;3955;2012;2015;
342;;Инсар;Мордовия;Приволжский;7920;1648;1780;
343;;Инта;Коми;Северо-Западный;20 271;1940;1954;
344;;Ипатово;Ставропольский край;Северо-Кавказский;26 122;1860;1979;
345;;Ирбит;Свердловская область;Уральский;37 009;1631;1775;
346;;Иркутск;Иркутская область;Сибирский;617 264;1661;1686;
347;;Исилькуль;Омская область;Сибирский;20 515;1895;1945;Исиль-Куль
348;;Искитим;Новосибирская область;Сибирский;57 147;1717;1938;
349;;Истра;Московская область;Центральный;37 474;1589;1781;
350;;Ишим;Тюменская область;Уральский;67 614;1687;1782;
351;;Ишимбай;Башкортостан;Приволжский;64 041;1932;1940;
352;;Йошкар-Ола;Марий Эл;Приволжский;281 248;1584;1781;
353;;Кадников;Вологодская область;Северо-Западный;4106;1492;1780;
354;;Казань;Татарстан;Приволжский;1 308 660;1005;1005;
355;;Калач;Воронежская область;Центральный;17 624;1716;1945;
356;;Калач-на-Дону;Волгоградская область;Южный;24 277;1708;1951;
357;;Калачинск;Омская область;Сибирский;21 378;1952;1918;
358;;Калининград;Калининградская область;Северо-Западный;490 449;1255;1255;
359;;Калининск;Саратовская область;Приволжский;14 949;1680;1962;
360;;Калтан;Кемеровская область;Сибирский;21 752;1946;1959;
361;;Калуга;Калужская область;Центральный;337 058;1371;1371;
362;;Калязин;Тверская область;Центральный;12 621;1434;1775;
363;;Камбарка;Удмуртия;Приволжский;10 080;1767;1945;
364;;Каменка;Пензенская область;Приволжский;33 491;;1951;
365;;Каменногорск;Ленинградская область;Северо-Западный;7160;1597;1940;
366;;Каменск-Уральский;Свердловская область;Уральский;164 192;1682;1935;
367;;Каменск-Шахтинский;Ростовская область;Южный;86 365;1671;1927;
368;;Камень-на-Оби;Алтайский край;Сибирский;32 385;1751;1915;
369;;Камешково;Владимирская область;Центральный;12 028;1892;1951;Авдотьино
370;;Камызяк;Астраханская область;Южный;16 154;1560;1973;
371;;Камышин;Волгоградская область;Южный;107 927;1668;1780;
372;;Камышлов;Свердловская область;Уральский;27 117;1668;1781;
373;;Канаш;Чувашия;Приволжский;44 354;1892;1925;
374;;Кандалакша;Мурманская область;Северо-Западный;29 138;1517;1938;
375;;Канск;Красноярский край;Сибирский;86 816;1636;1782;
376;;Карабаново;Владимирская область;Центральный;13 150;1630;1938;
377;;Карабаш;Челябинская область;Уральский;10 514;1822;1933;
378;;Карабулак;Ингушетия;Северо-Кавказский;43 037;1859;1995;
379;;Карасук;Новосибирская область;Сибирский;24 890;1912;1954;
380;;Карачаевск;Карачаево-Черкесия;Северо-Кавказский;23 867;1926;1929;
381;;Карачев;Брянская область;Центральный;17 449;1146;1146;Корачев
382;;Каргат;Новосибирская область;Сибирский;8316;;1965;
383;;Каргополь;Архангельская область;Северо-Западный;8849;1447;1613;
384;;Карпинск;Свердловская область;Уральский;25 879;1759;1941;
385;;Карталы;Челябинская область;Уральский;27 103;1810;1944;
386;;Касимов;Рязанская область;Центральный;28 443;1152;1152;
387;;Касли;Челябинская область;Уральский;15 383;1747;1942;Каслинский
388;;Каспийск;Дагестан;Северо-Кавказский;121 140;1932;1947;
389;;Катав-Ивановск;Челябинская область;Уральский;14 663;1755;1938;
390;;Катайск;Курганская область;Уральский;11 881;1655;1944;
391;;Качканар;Свердловская область;Уральский;37 307;1957;1968;
392;;Кашин;Тверская область;Центральный;14 113;1238;1238;
393;;Кашира;Московская область;Центральный;45 922;1356;1777;
394;;Кедровый;Томская область;Сибирский;1818;1982;1987;
395;;Кемерово;Кемеровская область;Сибирский;557 119;1918;1918;
396;;Кемь;Карелия;Северо-Западный;10 018;;1785;
397;;;Крым;Южный;154 621;;;
398;;Кизел;Пермский край;Приволжский;15 619;1750;1926;Кизеловский завод
399;;Кизилюрт;Дагестан;Северо-Кавказский;38 335;1927;1963;
400;;Кизляр;Дагестан;Северо-Кавказский;49 999;1735;1785;
401;;Кимовск;Тульская область;Центральный;26 475;;1952;
402;;Кимры;Тверская область;Центральный;40 875;1546;1917;
403;;Кингисепп;Ленинградская область;Северо-Западный;49 716;1384;1784;
404;;Кинель;Самарская область;Приволжский;36 729;1837;1944;
405;;Кинешма;Ивановская область;Центральный;77 694;1429;1504;
406;;Киреевск;Тульская область;Центральный;25 560;1762;1956;Киреевка
407;;Киренск;Иркутская область;Сибирский;10 998;1630;1775;
408;;Киржач;Владимирская область;Центральный;27 318;1332;1778;
409;;Кириллов;Вологодская область;Северо-Западный;7149;1397;1776;
410;;Кириши;Ленинградская область;Северо-Западный;51 028;1693;1965;
411;;Киров;Калужская область;Центральный;28 097;1745;1936;
412;;Киров;Кировская область;Приволжский;468 212;1181;1181;
413;;Кировград;Свердловская область;Уральский;18 698;1661;1932;
414;;Кирово-Чепецк;Кировская область;Приволжский;66 651;1935;1955;
415;;Кировск;Ленинградская область;Северо-Западный;27 238;1931;1953;
416;;Кировск;Мурманская область;Северо-Западный;24 857;1929;1931;
417;;Кирс;Кировская область;Приволжский;8982;1729;1965;
418;;Кирсанов;Тамбовская область;Центральный;16 164;1702;1779;
419;;Киселёвск;Кемеровская область;Сибирский;83 431;1917;1936;
420;;Кисловодск;Ставропольский край;Северо-Кавказский;127 521;1803;1903;
421;;Клин;Московская область;Центральный;88 511;1317;1781;
422;;Клинцы;Брянская область;Центральный;63 059;1707;1925;
423;;Княгинино;Нижегородская область;Приволжский;6447;1569;1998;
424;;Ковдор;Мурманская область;Северо-Западный;15 770;1953;1965;
425;;Ковров;Владимирская область;Центральный;132 417;;1778;
426;;Ковылкино;Мордовия;Приволжский;19 793;1892;1960;
427;;Когалым;Ханты-Мансийский АО;Уральский;61 441;1975;1985;Когалымский
428;;Кодинск;Красноярский край;Сибирский;13 324;1977;1989;
429;;Козельск;Калужская область;Центральный;16 759;;1146;
430;;Козловка;Чувашия;Приволжский;7781;1671;1967;
431;;Козьмодемьянск;Марий Эл;Приволжский;19 731;1583;1781;
432;;Кола;Мурманская область;Северо-Западный;9016;1517;1965;
433;;Кологрив;Костромская область;Центральный;2468;;1778;
434;;Коломна;Московская область;Центральный;134 850;1177;1177;
435;;Колпашево;Томская область;Сибирский;20 824;;1938;
436;;Кольчугино;Владимирская область;Центральный;39 410;1871;1931;
437;;Коммунар;Ленинградская область;Северо-Западный;25 793;1843;1993;
438;;Комсомольск;Ивановская область;Центральный;8364;1931;1950;
439;;Комсомольск-на-Амуре;Хабаровский край;Дальневосточный;238 505;1860;1932;Пермское
440;;Конаково;Тверская область;Центральный;33 560;1806;1937;
441;;Кондопога;Карелия;Северо-Западный;25 851;1563;1938;
442;;Кондрово;Калужская область;Центральный;15 734;1615;1938;
443;;Константиновск;Ростовская область;Южный;17 207;1593;1967;
444;;Копейск;Челябинская область;Уральский;147 806;1907;1933;
445;;Кораблино;Рязанская область;Центральный;10 334;1676;1965;Кораблинск
446;;Кореновск;Краснодарский край;Южный;41 826;1794;1961;
447;;Коркино;Челябинская область;Уральский;37 224;1795;1942;
448;;Королёв;Московская область;Центральный;228 095;1938;1938;
449;;Короча;Белгородская область;Центральный;5623;1637;1638;
450;;Корсаков;Сахалинская область;Дальневосточный;33 950;1853;1946;
451;;Коряжма;Архангельская область;Северо-Западный;34 523;1535;1985;
452;;Костерёво;Владимирская область;Центральный;7113;1890;1981;
453;;Костомукша;Карелия;Северо-Западный;26 048;1977;1983;
454;;Кострома;Костромская область;Центральный;267 481;1152;1152;
455;;Котельники;Московская область;Центральный;63 728;;2004;
456;;Котельниково;Волгоградская область;Южный;22 016;1897;1955;
457;;Котельнич;Кировская область;Приволжский;20 144;1143;1780;Кокшаров
458;;Котлас;Архангельская область;Северо-Западный;56 093;1617;1917;Кодлас
459;;Котово;Волгоградская область;Южный;21 028;1710-е;1966;
460;;Котовск;Тамбовская область;Центральный;26 694;1940;1940;
461;;Кохма;Ивановская область;Центральный;30 940;1619;1925;
462;;Красавино;Вологодская область;Северо-Западный;5601;1848;1947;
463;;Красноармейск;Московская область;Центральный;26 492;1928;1947;
464;;Красноармейск;Саратовская область;Приволжский;21 350;1765;1918;
465;;Красновишерск;Пермский край;Приволжский;14 460;1894;1942;
466;;Красногорск;Московская область;Центральный;187 634;1932;1940;
467;;Краснодар;Краснодарский край;Южный;1 099 344;1793;1867;
468;;Краснозаводск;Московская область;Центральный;14 639;1916;1940;
469;;Краснознаменск;Калининградская область;Северо-Западный;3419;1576;1946;
470;;Краснознаменск;Московская область;Центральный;43 868;1952;1981;
471;;Краснокаменск;Забайкальский край;Сибирский;51 137;1967;1969;
472;;Краснокамск;Пермский край;Приволжский;48 778;1929;1938;
473;;;Крым;Южный;25 569;1932;1966;
474;;Краснослободск;Волгоградская область;Южный;16 545;1870;1955;
475;;Краснослободск;Мордовия;Приволжский;8910;1571;1706;
476;;Краснотурьинск;Свердловская область;Уральский;55 875;1758;1944;
477;;Красноуральск;Свердловская область;Уральский;21 507;1925;1931;
478;;Красноуфимск;Свердловская область;Уральский;37 301;1736;1781;
479;;Красноярск;Красноярский край;Сибирский;1 187 771;1628;1690;
480;;Красный Кут;Саратовская область;Приволжский;14 296;1837;1966;
481;;Красный Сулин;Ростовская область;Южный;35 697;1797;1926;
482;;Красный Холм;Тверская область;Центральный;4998;1518;1776;
483;;Кремёнки;Калужская область;Центральный;11 745;;2004;
484;;Кропоткин;Краснодарский край;Южный;75 858;1879;1921;
485;;Крымск;Краснодарский край;Южный;54 597;1862;1958;
486;;Кстово;Нижегородская область;Приволжский;63 646;;1957;
487;;Кубинка;Московская область;Центральный;23 146;;2004;
488;;Кувандык;Оренбургская область;Приволжский;26 596;;1953;
489;;Кувшиново;Тверская область;Центральный;9262;1910;1938;
490;;Кудрово;Ленинградская область;Северо-Западный;60 791;1926;2018;
491;;Кудымкар;Пермский край;Приволжский;28 293;1579;1938;
492;;Кузнецк;Пензенская область;Приволжский;78 390;1699;1780;
493;;Куйбышев;Новосибирская область;Сибирский;41 946;1722;1722;
494;;Кукмор;Татарстан;Приволжский;17 886;1741;2017;Таишевский завод
495;;Кулебаки;Нижегородская область;Приволжский;32 184;1677;1932;
496;;Кумертау;Башкортостан;Приволжский;57 949;1947;1953;
497;;Кунгур;Пермский край;Приволжский;62 673;1663;1781;
498;;Купино;Новосибирская область;Сибирский;15 065;1886;1944;
499;;Курган;Курганская область;Уральский;310 911;1679;1782;
500;;Курганинск;Краснодарский край;Южный;47 305;1855;1961;
501;;Курильск;Сахалинская область;Дальневосточный;2530;;1947;
502;;Курлово;Владимирская область;Центральный;6309;1811;1998;
503;;Куровское;Московская область;Центральный;19 857;1646;1952;
504;;Курск;Курская область;Центральный;440 052;1032;1779;
505;;Куртамыш;Курганская область;Уральский;14 806;1745;1956;
506;;Курчалой;Чечня;Северо-Кавказский;23 425;1860;2019;
507;;Курчатов;Курская область;Центральный;40 318;1968;1983;
508;;Куса;Челябинская область;Уральский;17 136;1778;1943;Кусинский завод
509;;Кушва;Свердловская область;Уральский;27 306;1735;1925;
510;;Кызыл;Тыва;Сибирский;125 241;1914;1914;
511;;Кыштым;Челябинская область;Уральский;36 045;1757;1934;
512;;Кяхта;Бурятия;Сибирский;17 877;1727;1805;
513;;Лабинск;Краснодарский край;Южный;57 428;1841;1947;Лабинская
514;;Лабытнанги;Ямало-Ненецкий АО;Уральский;25 501;1890;1975;
515;;Лагань;Калмыкия;Южный;13 834;1870;1963;
516;;Ладушкин;Калининградская область;Северо-Западный;3666;1314;1946;
517;;Лаишево;Татарстан;Приволжский;9076;1557;2004;
518;;Лакинск;Владимирская область;Центральный;12 861;;1969;
519;;Лангепас;Ханты-Мансийский АО;Уральский;42 701;1980;1985;
520;;Лахденпохья;Карелия;Северо-Западный;5952;1600;1945;
521;;Лебедянь;Липецкая область;Центральный;20 049;1605;1613;
522;;Лениногорск;Татарстан;Приволжский;60 993;1795;1955;
523;;Ленинск;Волгоградская область;Южный;13 391;1802;1963;
524;;Ленинск-Кузнецкий;Кемеровская область;Сибирский;92 244;1763;1925;
525;;Ленск;Якутия;Дальневосточный;21 392;1663;1963;
526;;Лермонтов;Ставропольский край;Северо-Кавказский;22 444;1953;1956;
527;;Лесной;Свердловская область;Уральский;48 261;1947;1954;
528;;Лесозаводск;Приморский край;Дальневосточный;35 433;1932;1938;
529;;Лесосибирск;Красноярский край;Сибирский;55 730;1975;1975;
530;;Ливны;Орловская область;Центральный;43 549;1586;1586;
531;;Ликино-Дулёво;Московская область;Центральный;34 191;1930;1937;
532;;Липецк;Липецкая область;Центральный;496 403;1703;1779;
533;;Липки;Тульская область;Центральный;8325;;1955;
534;;Лиски;Воронежская область;Центральный;54 147;;1937;
535;;Лихославль;Тверская область;Центральный;11 017;1624;1925;
536;;Лобня;Московская область;Центральный;82 764;1902;1961;
537;;Лодейное Поле;Ленинградская область;Северо-Западный;18 905;1702;1785;
538;;Лосино-Петровский;Московская область;Центральный;29 000;1708;1951;
539;;Луга;Ленинградская область;Северо-Западный;38 407;1777;1777;
540;;Луза;Кировская область;Приволжский;9122;1899;1944;
541;;Лукоянов;Нижегородская область;Приволжский;12 652;;1779;
542;;Луховицы;Московская область;Центральный;29 889;1594;1957;Глуховичи
543;;Лысково;Нижегородская область;Приволжский;21 657;1410;1922;
544;;Лысьва;Пермский край;Приволжский;53 855;1785;1926;
545;;Лыткарино;Московская область;Центральный;65 212;1429;1957;
546;;Льгов;Курская область;Центральный;17 557;1152;1779;Ольгов
547;;Любань;Ленинградская область;Северо-Западный;4565;1499;1917;Любани
548;;Люберцы;Московская область;Центральный;224 195;1623;1925;
549;;Любим;Ярославская область;Центральный;5037;1538;1777;
550;;Людиново;Калужская область;Центральный;35 874;1626;1938;
551;;Лянтор;Ханты-Мансийский АО;Уральский;40 977;1932;1992;
552;;Магадан;Магаданская область;Дальневосточный;90 757;1929;1939;
553;;Магас;Ингушетия;Северо-Кавказский;15 271;1994;2000;
554;;Магнитогорск;Челябинская область;Уральский;410 594;1929;1931;
555;;Майкоп;Адыгея;Южный;143 385;1857;1870;
556;;Майский;Кабардино-Балкария;Северо-Кавказский;26 632;;1965;
557;;Макаров;Сахалинская область;Дальневосточный;5848;1892;1946;
558;;Макарьев;Костромская область;Центральный;5528;1439;1778;Макарьевская слобода
559;;Макушино;Курганская область;Уральский;6827;1797;1963;
560;;Малая Вишера;Новгородская область;Северо-Западный;9996;1843;1921;
561;;Малгобек;Ингушетия;Северо-Кавказский;36 480;1934;1939;
562;;Малмыж;Кировская область;Приволжский;6931;;1780;
563;;Малоархангельск;Орловская область;Центральный;3609;;1778;
564;;Малоярославец;Калужская область;Центральный;41 836;1402;1776;
565;;Мамадыш;Татарстан;Приволжский;15 726;1391;1781;
566;;Мамоново;Калининградская область;Северо-Западный;8314;1301;1301;
567;;Мантурово;Костромская область;Центральный;13 043;1617;1958;
568;;Мариинск;Кемеровская область;Сибирский;40 779;1698;1856;
569;;Мариинский Посад;Чувашия;Приволжский;7851;1620;1856;
570;;Маркс;Саратовская область;Приволжский;28 749;1765;1918;
571;;Махачкала;Дагестан;Северо-Кавказский;623 254;1844;1857;
572;;Мглин;Брянская область;Центральный;6919;1387;1154;
573;;Мегион;Ханты-Мансийский АО;Уральский;52 887;1810;1980;
574;;Медвежьегорск;Карелия;Северо-Западный;11 962;1916;1938;
575;;Медногорск;Оренбургская область;Приволжский;23 693;1933;1939;
576;;Медынь;Калужская область;Центральный;8200;1386;1386;
577;;Межгорье;Башкортостан;Приволжский;15 697;1979;1995;
578;;Междуреченск;Кемеровская область;Сибирский;96 174;1946;1955;
579;;Мезень;Архангельская область;Северо-Западный;2874;;1780;
580;;Меленки;Владимирская область;Центральный;13 407;;1778;
581;;Мелеуз;Башкортостан;Приволжский;56 505;1766;1958;
582;;Менделеевск;Татарстан;Приволжский;22 875;1868;1967;
583;;Мензелинск;Татарстан;Приволжский;16 008;1586;1781;
584;;Мещовск;Калужская область;Центральный;3810;1238;1776;
585;;Миасс;Челябинская область;Уральский;147 995;1773;1919;Миясский завод
586;;Микунь;Коми;Северо-Западный;8527;1937;1959;
587;;Миллерово;Ростовская область;Южный;34 841;1786;1926;Миллеров-Глубокинский
588;;Минеральные Воды;Ставропольский край;Северо-Кавказский;70 485;1878;1922;
589;;Минусинск;Красноярский край;Сибирский;70 089;1739;1822;
590;;Миньяр;Челябинская область;Уральский;8500;1771;1943;
591;;Мирный;Якутия;Дальневосточный;34 045;1955;1959;
592;;Мирный;Архангельская область;Северо-Западный;27 262;1957;1967;
593;;Михайлов;Рязанская область;Центральный;10 303;1137;1551;
594;;Михайловка;Волгоградская область;Южный;56 031;1762;1948;
595;;Михайловск;Свердловская область;Уральский;9756;1805;1961;
596;;Михайловск;Ставропольский край;Северо-Кавказский;114 133;1784;1999;
597;;Мичуринск;Тамбовская область;Центральный;90 451;1635;1635;
598;;Могоча;Забайкальский край;Сибирский;12 390;1910;1950;
599;;Можайск;Московская область;Центральный;33 880;1231;1277;
600;;Можга;Удмуртия;Приволжский;44 345;1835;1926;
601;;Моздок;Северная Осетия;Северо-Кавказский;36 784;1763;1785;
602;;Мончегорск;Мурманская область;Северо-Западный;39 962;1937;1937;Монча-Губа
603;;Морозовск;Ростовская область;Южный;24 258;1910;1941;
604;;Моршанск;Тамбовская область;Центральный;39 023;1623;1779;
605;;Мосальск;Калужская область;Центральный;4234;1231;1776;
606;;Москва;Москва;Центральный;;1147;1147;
607;;Муравленко;Ямало-Ненецкий АО;Уральский;29 233;1984;1990;
608;;Мураши;Кировская область;Приволжский;5700;1895;1944;
609;;Мурино;Ленинградская область;Северо-Западный;89 083;1676;2019;
610;;Мурманск;Мурманская область;Северо-Западный;270 384;1916;1916;
611;;Муром;Владимирская область;Центральный;107 497;862;862;
612;;Мценск;Орловская область;Центральный;36 960;1146;1778;
613;;Мыски;Кемеровская область;Сибирский;40 109;1826;1956;Томазак
614;;Мытищи;Московская область;Центральный;255 429;1460;1925;
615;;Мышкин;Ярославская область;Центральный;5621;;1991;
616;;Набережные Челны;Татарстан;Приволжский;548 434;1626;1930;
617;;Навашино;Нижегородская область;Приволжский;14 664;1891;1957;
618;;Наволоки;Ивановская область;Центральный;8167;1775;1938;
619;;Надым;Ямало-Ненецкий АО;Уральский;45 973;1597;1972;
620;;Назарово;Красноярский край;Сибирский;45 333;1700;1961;Назаровское
621;;Назрань;Ингушетия;Северо-Кавказский;122 350;1781;1967;
622;;Называевск;Омская область;Сибирский;10 434;1910;1956;
623;;Нальчик;Кабардино-Балкария;Северо-Кавказский;247 054;1724;1921;
624;;Нариманов;Астраханская область;Южный;11 104;1963;1984;
625;;Наро-Фоминск;Московская область;Центральный;71 121;1840;1926;
626;;Нарткала;Кабардино-Балкария;Северо-Кавказский;33 203;1913;1955;
627;;Нарьян-Мар;Ненецкий АО;Северо-Западный;23 399;1929;1935;Белощелье
628;;Находка;Приморский край;Дальневосточный;139 931;1864;1950;
629;;Невель;Псковская область;Северо-Западный;13 980;1562;1773;
630;;Невельск;Сахалинская область;Дальневосточный;10 608;1946;1946;
631;;Невинномысск;Ставропольский край;Северо-Кавказский;117 562;1825;1939;Невинномысская
632;;Невьянск;Свердловская область;Уральский;22 061;1701;1919;Невьянский завод
633;;Нелидово;Тверская область;Центральный;18 603;1900;1924;
634;;Неман;Калининградская область;Северо-Западный;9255;1277;1722;
635;;Нерехта;Костромская область;Центральный;19 977;1214;1778;
636;;Нерчинск;Забайкальский край;Сибирский;15 290;1653;1689;
637;;Нерюнгри;Якутия;Дальневосточный;53 409;1975;1975;Нерюнгра
638;;Нестеров;Калининградская область;Северо-Западный;3336;1539;1722;
639;;Нефтегорск;Самарская область;Приволжский;18 076;1960;1989;
640;;Нефтекамск;Башкортостан;Приволжский;131 942;1957;1963;
641;;Нефтекумск;Ставропольский край;Северо-Кавказский;23 137;1958;1968;
642;;Нефтеюганск;Ханты-Мансийский АО;Уральский;124 732;1961;1967;
643;;Нея;Костромская область;Центральный;7816;1906;1958;
644;;Нижневартовск;Ханты-Мансийский АО;Уральский;283 256;1909;1972;
645;;Нижнекамск;Татарстан;Приволжский;241 479;1961;1966;
646;;Нижнеудинск;Иркутская область;Сибирский;29 995;1648;1783;
647;;Нижние Серги;Свердловская область;Уральский;8009;1743;1943;
648;;Нижний Ломов;Пензенская область;Приволжский;20 421;1636;1780;
649;;Нижний Новгород;Нижегородская область;Приволжский;1 226 076;1221;1221;
650;;Нижний Тагил;Свердловская область;Уральский;338 966;1722;1919;
651;;Нижняя Салда;Свердловская область;Уральский;16 505;1760;1938;
652;;Нижняя Тура;Свердловская область;Уральский;18 392;1754;1949;
653;;Николаевск;Волгоградская область;Южный;13 460;1747;1967;
654;;Николаевск-на-Амуре;Хабаровский край;Дальневосточный;18 631;1850;1856;
655;;Никольск;Вологодская область;Северо-Западный;7661;;1780;
656;;Никольск;Пензенская область;Приволжский;19 873;1761;1954;Николо-Пестровка
657;;Никольское;Ленинградская область;Северо-Западный;22 355;1710;1990;
658;;Новая Ладога;Ленинградская область;Северо-Западный;7432;1704;1704;
659;;Новая Ляля;Свердловская область;Уральский;10 684;1903;1938;
660;;Новоалександровск;Ставропольский край;Северо-Кавказский;26 767;1804;1971;
661;;Новоалтайск;Алтайский край;Сибирский;73 049;1736;1942;
662;;Новоаннинский;Волгоградская область;Южный;15 351;1872;1956;
663;;Нововоронеж;Воронежская область;Центральный;30 658;1957;1987;Ново-Грэсовский
664;;Новодвинск;Архангельская область;Северо-Западный;33 294;1936;1977;
665;;Новозыбков;Брянская область;Центральный;38 680;1701;1809;
666;;Новокубанск;Краснодарский край;Южный;34 000;1867;1966;
667;;Новокузнецк;Кемеровская область;Сибирский;537 480;1618;1622;
668;;Новокуйбышевск;Самарская область;Приволжский;98 306;1946;1952;Липяги
669;;Новомичуринск;Рязанская область;Центральный;16 900;1968;1981;
670;;Новомосковск;Тульская область;Центральный;119 697;1930;1930;
671;;Новопавловск;Ставропольский край;Северо-Кавказский;20 781;1777;1981;
672;;Новоржев;Псковская область;Северо-Западный;3222;1777;1777;
673;;Новороссийск;Краснодарский край;Южный;262 293;1838;1866;
674;;Новосибирск;Новосибирская область;Сибирский;1 633 595;1893;1903;
675;;Новосиль;Орловская область;Центральный;2912;1155;1777;
676;;Новосокольники;Псковская область;Северо-Западный;6895;1901;1925;
677;;Новотроицк;Оренбургская область;Приволжский;75 960;1920;1945;Ново-Троицк
678;;Новоузенск;Саратовская область;Приволжский;15 216;1760;1835;
679;;Новоульяновск;Ульяновская область;Приволжский;13 673;1957;1967;Кременки
680;;Новоуральск;Свердловская область;Уральский;78 479;1941;1954;
681;;Новохопёрск;Воронежская область;Центральный;5948;1710;1779;
682;;Новочебоксарск;Чувашия;Приволжский;120 375;1960;1965;
683;;Новочеркасск;Ростовская область;Южный;163 674;1805;1805;
684;;Новошахтинск;Ростовская область;Южный;103 480;1910;1939;
685;;Новый Оскол;Белгородская область;Центральный;18 359;1637;1647;
686;;Новый Уренгой;Ямало-Ненецкий АО;Уральский;107 251;1975;1980;
687;;Ногинск;Московская область;Центральный;103 891;1389;1781;
688;;Нолинск;Кировская область;Приволжский;8262;1668;1780;
689;;Норильск;Красноярский край;Сибирский;174 453;1935;1953;
690;;Ноябрьск;Ямало-Ненецкий АО;Уральский;100 188;1976;1982;
691;;Нурлат;Татарстан;Приволжский;33 990;1905;1961;Нурлат-Октябрьский
692;;Нытва;Пермский край;Приволжский;16 675;1756;1942;
693;;Нюрба;Якутия;Дальневосточный;10 138;1824;1997;
694;;Нягань;Ханты-Мансийский АО;Уральский;63 034;1965;1985;
695;;Нязепетровск;Челябинская область;Уральский;10 379;1747;1944;
696;;Няндома;Архангельская область;Северо-Западный;18 473;1898;1939;
697;;Облучье;Еврейская АО;Дальневосточный;7959;1911;1915;
698;;Обнинск;Калужская область;Центральный;125 376;1946;1956;
699;;Обоянь;Курская область;Центральный;11 844;1639;1779;
700;;Обь;Новосибирская область;Сибирский;30 369;1934;1969;
701;;Одинцово;Московская область;Центральный;180 530;1470;1957;
702;;Озёрск;Калининградская область;Северо-Западный;4152;1539;1726;
703;;Озёрск;Челябинская область;Уральский;76 896;1945;1954;
704;;Озёры;Московская область;Центральный;24 359;1834;1925;Озерки
705;;Октябрьск;Самарская область;Приволжский;20 703;1684;1956;Батраки
706;;Октябрьский;Башкортостан;Приволжский;115 557;1937;1946;
707;;Окуловка;Новгородская область;Северо-Западный;9949;1851;1965;
708;;Олёкминск;Якутия;Дальневосточный;8398;1635;1783;
709;;Оленегорск;Мурманская область;Северо-Западный;21 438;1949;1957;
710;;Олонец;Карелия;Северо-Западный;7663;1137;1649;
711;;Омск;Омская область;Сибирский;1 125 695;1716;1782;
712;;Омутнинск;Кировская область;Приволжский;19 629;1773;1921;
713;;Онега;Архангельская область;Северо-Западный;16 947;1137;1780;
714;;Опочка;Псковская область;Северо-Западный;9928;1414;1412;
715;;Орёл;Орловская область;Центральный;303 169;1566;1566;
716;;Оренбург;Оренбургская область;Приволжский;543 654;1743;1743;
717;;Орехово-Зуево;Московская область;Центральный;105 745;1917;1917;
718;;Орлов;Кировская область;Приволжский;5508;1459;1780;
719;;Орск;Оренбургская область;Приволжский;189 195;1735;1865;
720;;Оса;Пермский край;Приволжский;19 523;1591;1737;
721;;Осинники;Кемеровская область;Сибирский;40 367;1926;1938;Осиновка
722;;Осташков;Тверская область;Центральный;16 674;;1770;Кличен
723;;Остров;Псковская область;Северо-Западный;20 923;1341;1341;
724;;Островной;Мурманская область;Северо-Западный;1487;1611;1981;
725;;Острогожск;Воронежская область;Центральный;31 699;1652;1765;
726;;Отрадное;Ленинградская область;Северо-Западный;25 706;1708;1970;
727;;Отрадный;Самарская область;Приволжский;46 984;1920-е;1956;
728;;Оха;Сахалинская область;Дальневосточный;20 357;1908;1938;Охэ
729;;Оханск;Пермский край;Приволжский;6430;1547;1781;
730;;Очёр;Пермский край;Приволжский;14 385;1759;1950;
731;;Павлово;Нижегородская область;Приволжский;57 116;1566;1922;Павлов Острог
732;;Павловск;Воронежская область;Центральный;22 384;1709;1779;
733;;Павловский Посад;Московская область;Центральный;65 098;1328;1844;
734;;Палласовка;Волгоградская область;Южный;14 966;1907;1967;
735;;Партизанск;Приморский край;Дальневосточный;33 832;1896;1932;
736;;Певек;Чукотский АО;Дальневосточный;4015;1933;1967;
737;;Пенза;Пензенская область;Приволжский;501 109;1663;1663;
738;;Первомайск;Нижегородская область;Приволжский;13 223;;1951;
739;;Первоуральск;Свердловская область;Уральский;114 450;1732;1933;
740;;Перевоз;Нижегородская область;Приволжский;8999;1593;2001;
741;;Пересвет;Московская область;Центральный;11 752;1948;2000;
742;;Переславль-Залесский;Ярославская область;Центральный;37 738;1152;1152;Переяславль
743;;Пермь;Пермский край;Приволжский;1 034 002;1723;1781;
744;;Пестово;Новгородская область;Северо-Западный;14 032;1918;1965;
745;;Петров Вал;Волгоградская область;Южный;12 526;1942;1988;
746;;Петровск;Саратовская область;Приволжский;26 319;1698;1780;
747;;Петровск-Забайкальский;Забайкальский край;Сибирский;15 015;1789;1926;
748;;Петрозаводск;Карелия;Северо-Западный;234 897;1703;1777;
749;;Петропавловск-Камчатский;Камчатский край;Дальневосточный;164 900;1740;1812;
750;;Петухово;Курганская область;Уральский;8502;1779;1944;
751;;Петушки;Владимирская область;Центральный;13 317;1861;1965;Новые Петушки
752;;Печора;Коми;Северо-Западный;35 254;1940;1949;
753;;Печоры;Псковская область;Северо-Западный;10 247;1473;1782;
754;;Пикалёво;Ленинградская область;Северо-Западный;20 388;1620;1954;
755;;Пионерский;Калининградская область;Северо-Западный;12 794;1254;1952;
756;;Питкяранта;Карелия;Северо-Западный;8340;;1940;
757;;Плавск;Тульская область;Центральный;16 893;1563;1949;
758;;Пласт;Челябинская область;Уральский;18 379;1845;1940;
759;;Плёс;Ивановская область;Центральный;1896;1410;1925;
760;;Поворино;Воронежская область;Центральный;16 417;1870;1954;
761;;Подольск;Московская область;Центральный;314 934;1559;1781;
762;;Подпорожье;Ленинградская область;Северо-Западный;16 123;1936;1956;
763;;Покачи;Ханты-Мансийский АО;Уральский;16 040;1984;1992;
764;;Покров;Владимирская область;Центральный;17 747;1506;1778;
765;;Покровск;Якутия;Дальневосточный;12 021;1682;1997;
766;;Полевской;Свердловская область;Уральский;55 182;1718;1942;Полевской завод
767;;Полесск;Калининградская область;Северо-Западный;6926;1258;1642;
768;;Полысаево;Кемеровская область;Сибирский;25 631;1952;1989;
769;;Полярные Зори;Мурманская область;Северо-Западный;14 146;1968;1991;
770;;Полярный;Мурманская область;Северо-Западный;12 293;1896;1939;
771;;Поронайск;Сахалинская область;Дальневосточный;16 026;1869;1946;
772;;Порхов;Псковская область;Северо-Западный;7309;1239;1239;
773;;Похвистнево;Самарская область;Приволжский;27 333;1888;1947;
774;;Почеп;Брянская область;Центральный;14 991;1447;1925;
775;;Починок;Смоленская область;Центральный;7575;1868;1926;
776;;Пошехонье;Ярославская область;Центральный;5150;1680;1777;
777;;Правдинск;Калининградская область;Северо-Западный;3986;1312;1335;
778;;Приволжск;Ивановская область;Центральный;14 332;1484;1938;
779;;Приморск;Калининградская область;Северо-Западный;1436;1268;2008;
780;;Приморск;Ленинградская область;Северо-Западный;6537;1268;1940;
781;;Приморско-Ахтарск;Краснодарский край;Южный;31 087;1854;1949;
782;;Приозерск;Ленинградская область;Северо-Западный;18 777;;1310;
783;;Прокопьевск;Кемеровская область;Сибирский;177 819;1650;1931;Монастырское
784;;Пролетарск;Ростовская область;Южный;18 983;;1970;
785;;Протвино;Московская область;Центральный;37 735;1960;1989;Серпухов-7
786;;Прохладный;Кабардино-Балкария;Северо-Кавказский;59 938;1765;1937;
787;;Псков;Псковская область;Северо-Западный;193 082;903;903;Плесков
788;;Пугачёв;Саратовская область;Приволжский;40 127;1764;1835;
789;;Пудож;Карелия;Северо-Западный;7356;1382;1785;
790;;Пустошка;Псковская область;Северо-Западный;4070;1901;1925;
791;;Пучеж;Ивановская область;Центральный;6879;1594;1793;
792;;Пушкино;Московская область;Центральный;110 868;1499;1925;
793;;Пущино;Московская область;Центральный;19 578;1956;1966;
794;;Пыталово;Псковская область;Северо-Западный;5263;1782;1933;
795;;Пыть-Ях;Ханты-Мансийский АО;Уральский;40 180;1968;1990;
796;;Пятигорск;Ставропольский край;Северо-Кавказский;146 473;1780;1830;
797;;Радужный;Владимирская область;Центральный;17 569;1971;1991;Владимир-30
798;;Радужный;Ханты-Мансийский АО;Уральский;43 577;1973;1985;
799;;Райчихинск;Амурская область;Дальневосточный;15 797;1932;1944;Райчиха
800;;Раменское;Московская область;Центральный;114 537;1328;1926;Раменье
801;;Рассказово;Тамбовская область;Центральный;47 644;1698;1926;
802;;Ревда;Свердловская область;Уральский;60 200;1734;1935;
803;;Реж;Свердловская область;Уральский;36 585;1773;1943;
804;;Реутов;Московская область;Центральный;113 871;1573;1940;
805;;Ржев;Тверская область;Центральный;55 757;1216;1216;
806;;Родники;Ивановская область;Центральный;24 101;1606;1918;
807;;Рославль;Смоленская область;Центральный;45 416;1137;1755;Ростиславль
808;;Россошь;Воронежская область;Центральный;60 879;;1923;
809;;Ростов-на-Дону;Ростовская область;Южный;1 142 162;1749;1807;
810;;Ростов;Ярославская область;Центральный;28 122;862;862;
811;;Рошаль;Московская область;Центральный;21 401;1916;1940;
812;;Ртищево;Саратовская область;Приволжский;37 850;1666;1925;
813;;Рубцовск;Алтайский край;Сибирский;126 834;1892;1927;
814;;Рудня;Смоленская область;Центральный;8908;1363;1926;
815;;Руза;Московская область;Центральный;16 014;1328;1781;
816;;Рузаевка;Мордовия;Приволжский;42 989;1631;1973;
817;;Рыбинск;Ярославская область;Центральный;177 295;1071;1777;
818;;Рыбное;Рязанская область;Центральный;21 069;1597;1961;
819;;Рыльск;Курская область;Центральный;15 069;1152;;
820;;Ряжск;Рязанская область;Центральный;20 634;1502;1778;Рясское Поле
821;;Рязань;Рязанская область;Центральный;528 599;1095;1095;
822;;;Крым;Южный;24 285;1952;1952;Сак
823;;Салават;Башкортостан;Приволжский;148 575;1948;1954;Новострой
824;;Салаир;Кемеровская область;Сибирский;7088;1626;1941;
825;;Салехард;Ямало-Ненецкий АО;Уральский;47 910;1595;1938;
826;;Сальск;Ростовская область;Южный;57 937;1812;1926;
827;;Самара;Самарская область;Приволжский;1 173 299;1586;1688;
828;;Санкт-Петербург;Санкт-Петербург;Северо-Западный;5 601 911;1703;1703;
829;;Саранск;Мордовия;Приволжский;314 871;1641;1780;Саранский Острожек
830;;Сарапул;Удмуртия;Приволжский;91 115;1621;1780;
831;;Саратов;Саратовская область;Приволжский;901 361;1590;1590;
832;;Саров;Нижегородская область;Приволжский;93 357;1691;1954;
833;;Сасово;Рязанская область;Центральный;21 628;1642;1926;
834;;Сатка;Челябинская область;Уральский;42 597;1758;1758;
835;;Сафоново;Смоленская область;Центральный;38 403;1859;1952;
836;;Саяногорск;Хакасия;Сибирский;44 872;1830;1975;
837;;Саянск;Иркутская область;Сибирский;35 561;1970;1985;
838;;Светлогорск;Калининградская область;Северо-Западный;16 207;1258;1947;
839;;Светлоград;Ставропольский край;Северо-Кавказский;35 703;1786;1965;
840;;Светлый;Калининградская область;Северо-Западный;21 114;1640;1955;
841;;Светогорск;Ленинградская область;Северо-Западный;13 784;1887;1949;
842;;Свирск;Иркутская область;Сибирский;15 485;;1949;
843;;Свободный;Амурская область;Дальневосточный;48 517;1912;1912;
844;;Себеж;Псковская область;Северо-Западный;6246;1414;1772;
845;;;Севастополь;Южный;;1783;1783;
846;;Северо-Курильск;Сахалинская область;Дальневосточный;2374;1875;1946;
847;;Северобайкальск;Бурятия;Сибирский;24 233;1974;1980;
848;;Северодвинск;Архангельская область;Северо-Западный;157 213;1936;1938;
849;;Североморск;Мурманская область;Северо-Западный;43 327;1896;1951;
850;;Североуральск;Свердловская область;Уральский;24 428;1758;1944;
851;;Северск;Томская область;Сибирский;106 648;1949;1954;
852;;Севск;Брянская область;Центральный;6732;1146;1146;
853;;Сегежа;Карелия;Северо-Западный;23 543;1914;1943;
854;;Сельцо;Брянская область;Центральный;15 906;1870-е;1990;
855;;Семёнов;Нижегородская область;Приволжский;25 075;1644;1779;
856;;Семикаракорск;Ростовская область;Южный;21 719;1672;1972;
857;;Семилуки;Воронежская область;Центральный;27 938;1615;1954;
858;;Сенгилей;Ульяновская область;Приволжский;6407;1666;1943;
859;;Серафимович;Волгоградская область;Южный;8633;1589;1933;
860;;Сергач;Нижегородская область;Приволжский;20 256;1649;1779;
861;;Сергиев Посад;Московская область;Центральный;101 756;1337;1919;
862;;Сердобск;Пензенская область;Приволжский;30 220;1698;1780;
863;;Серов;Свердловская область;Уральский;94 211;1893;1919;
864;;Серпухов;Московская область;Центральный;133 793;1339;1374;
865;;Сертолово;Ленинградская область;Северо-Западный;68 241;1936;1988;
866;;Сибай;Башкортостан;Приволжский;56 514;1925;1955;Сибаевский рудник
867;;Сим;Челябинская область;Уральский;12 858;1759;1942;
868;;;Крым;Южный;340 540;1784;1784;
869;;Сковородино;Амурская область;Дальневосточный;7057;1908;1927;
870;;Скопин;Рязанская область;Центральный;25 238;1676;1778;
871;;Славгород;Алтайский край;Сибирский;27 900;1910;1914;
872;;Славск;Калининградская область;Северо-Западный;4153;1292;1946;
873;;Славянск-на-Кубани;Краснодарский край;Южный;62 985;1865;1958;
874;;Сланцы;Ленинградская область;Северо-Западный;34 628;1934;1949;
875;;Слободской;Кировская область;Приволжский;29 148;1505;1780;
876;;Слюдянка;Иркутская область;Сибирский;18 058;1899;1936;
877;;Смоленск;Смоленская область;Центральный;316 570;863;863;
878;;Снежинск;Челябинская область;Уральский;50 619;1955;1957;
879;;Снежногорск;Мурманская область;Северо-Западный;9942;1970;1980;
880;;Собинка;Владимирская область;Центральный;17 444;1858;1939;
881;;Советск;Калининградская область;Северо-Западный;38 910;1288;1552;
882;;Советск;Кировская область;Приволжский;14 626;;1937;
883;;Советск;Тульская область;Центральный;7889;1949;1954;Никольское
884;;Советская Гавань;Хабаровский край;Дальневосточный;24 231;1853;1941;
885;;Советский;Ханты-Мансийский АО — Югра;Уральский;31 138;1963;1996;
886;;Сокол;Вологодская область;Северо-Западный;34 742;1615;1932;Соколово
887;;Солигалич;Костромская область;Центральный;5534;1335;1778;Соль Галичьская
888;;Соликамск;Пермский край;Приволжский;89 473;1430;1573;
889;;Солнечногорск;Московская область;Центральный;48 413;;1938;
890;;Соль-Илецк;Оренбургская область;Приволжский;26 149;1754;1865;
891;;Сольвычегодск;Архангельская область;Северо-Западный;1952;1492;1708;
892;;Сольцы;Новгородская область;Северо-Западный;8449;1390;1914;
893;;Сорочинск;Оренбургская область;Приволжский;28 478;1737;1945;
894;;Сорск;Хакасия;Сибирский;10 124;1940;1966;
895;;Сортавала;Карелия;Северо-Западный;14 867;1468;1783;
896;;Сосенский;Калужская область;Центральный;11 413;1952;1991;
897;;Сосновка;Кировская область;Приволжский;8428;1699;1962;
898;;Сосновоборск;Красноярский край;Сибирский;40 442;1971;1985;
899;;Сосновый Бор;Ленинградская область;Северо-Западный;65 367;1958;1973;
900;;Сосногорск;Коми;Северо-Западный;22 189;1939;1955;
901;;Сочи;Краснодарский край;Южный;466 078;1838;1917;
902;;Спас-Деменск;Калужская область;Центральный;4569;1446;1917;
903;;Спас-Клепики;Рязанская область;Центральный;4743;;1920;
904;;Спасск;Пензенская область;Приволжский;6936;;1779;
905;;Спасск-Дальний;Приморский край;Дальневосточный;35 732;1886;1917;
906;;Спасск-Рязанский;Рязанская область;Центральный;5796;1629;1778;
907;;Среднеколымск;Якутия;Дальневосточный;3131;1643;1775;
908;;Среднеуральск;Свердловская область;Уральский;23 344;1931;1966;Посёлок СУГРЭС
909;;Сретенск;Забайкальский край;Сибирский;6093;1689;1926;
910;;Ставрополь;Ставропольский край;Северо-Кавказский;547 443;1777;1785;
911;;Старая Купавна;Московская область;Центральный;22 898;;2004;
912;;Старая Русса;Новгородская область;Северо-Западный;27 487;1167;1167;Руса
913;;Старица;Тверская область;Центральный;6938;1297;1297;
914;;Стародуб;Брянская область;Центральный;17 687;1080;1080;
915;;;Крым;Южный;10 470;;;
916;;Старый Оскол;Белгородская область;Центральный;221 676;1593;1593;
917;;Стерлитамак;Башкортостан;Приволжский;277 410;1766;1782;
918;;Стрежевой;Томская область;Сибирский;39 169;1966;1978;
919;;Строитель;Белгородская область;Центральный;23 780;1958;2000;
920;;Струнино;Владимирская область;Центральный;11 774;1492;1938;
921;;Ступино;Московская область;Центральный;64 412;1938;1938;
922;;Суворов;Тульская область;Центральный;17 598;1949;1954;
923;;;Крым;Южный;17 834;212;;
924;;Суджа;Курская область;Центральный;5127;;1664;
925;;Судогда;Владимирская область;Центральный;10 408;1552;1778;
926;;Суздаль;Владимирская область;Центральный;9286;999;999;
927;;Сунжа;Ингушетия;Северо-Кавказский;62 078;1845;2016;
928;;Суоярви;Карелия;Северо-Западный;7190;;1940;Шуезерск
929;;Сураж;Брянская область;Центральный;11 176;;1781;
930;;Сургут;Ханты-Мансийский АО;Уральский;396 443;1594;1965;
931;;Суровикино;Волгоградская область;Южный;18 227;1744;1966;
932;;Сурск;Пензенская область;Приволжский;6034;1849;1953;
933;;Сусуман;Магаданская область;Дальневосточный;4439;1938;1964;
934;;Сухиничи;Калужская область;Центральный;14 806;;1840;
935;;Сухой Лог;Свердловская область;Уральский;32 748;1710;1943;
936;;Сызрань;Самарская область;Приволжский;165 725;1683;1796;
937;;Сыктывкар;Коми;Северо-Западный;220 580;1780;1780;
938;;Сысерть;Свердловская область;Уральский;20 634;1732;1946;
939;;Сычёвка;Смоленская область;Центральный;7544;1488;1776;
940;;Сясьстрой;Ленинградская область;Северо-Западный;12 566;1926;1992;Сясьские Рядки
941;;Тавда;Свердловская область;Уральский;32 749;1910;1937;
942;;Таганрог;Ростовская область;Южный;245 120;1698;1775;
943;;Тайга;Кемеровская область;Сибирский;22 375;1896;1911;
944;;Тайшет;Иркутская область;Сибирский;34 491;1897;1938;
945;;Талдом;Московская область;Центральный;17 317;1677;1918;
946;;Талица;Свердловская область;Уральский;14 808;1732;1942;
947;;Тамбов;Тамбовская область;Центральный;261 803;1636;1719;Танбов
948;;Тара;Омская область;Сибирский;26 878;1594;1594;
949;;Тарко-Сале;Ямало-Ненецкий АО;Уральский;19 900;1932;2004;
950;;Таруса;Калужская область;Центральный;9918;1246;1776;
951;;Татарск;Новосибирская область;Сибирский;23 711;1894;1911;
952;;Таштагол;Кемеровская область;Сибирский;21 980;1939;1963;
953;;Тверь;Тверская область;Центральный;416 219;1135;1139;
954;;Теберда;Карачаево-Черкесия;Северо-Кавказский;9020;1868;1971;
955;;Тейково;Ивановская область;Центральный;31 305;;1918;
956;;Темников;Мордовия;Приволжский;6451;;1536;
957;;Темрюк;Краснодарский край;Южный;41 608;1860;1860;
958;;Терек;Кабардино-Балкария;Северо-Кавказский;19 948;1876;1967;
959;;Тетюши;Татарстан;Приволжский;10 535;1578;1781;
960;;Тимашёвск;Краснодарский край;Южный;51 858;1794;1966;
961;;Тихвин;Ленинградская область;Северо-Западный;55 415;1383;1773;
962;;Тихорецк;Краснодарский край;Южный;55 686;1895;1926;Тихорецкий
963;;Тобольск;Тюменская область;Уральский;100 352;1587;1590;
964;;Тогучин;Новосибирская область;Сибирский;20 766;1867;1945;
965;;Тольятти;Самарская область;Приволжский;684 709;1737;1780;
966;;Томари;Сахалинская область;Дальневосточный;4313;1870;1946;
967;;Томмот;Якутия;Дальневосточный;6440;1923;1923;
968;;Томск;Томская область;Сибирский;556 478;1604;1604;
969;;Топки;Кемеровская область;Сибирский;27 158;1914;1933;
970;;Торжок;Тверская область;Центральный;41 116;;1135;Новый Торг
971;;Торопец;Тверская область;Центральный;11 441;1074;1074;
972;;Тосно;Ленинградская область;Северо-Западный;34 066;1500;1963;
973;;Тотьма;Вологодская область;Северо-Западный;8669;1137;1780;
974;;Трёхгорный;Челябинская область;Уральский;32 463;1952;1955;
975;;Троицк;Челябинская область;Уральский;70 301;1743;1784;
976;;Трубчевск;Брянская область;Центральный;13 287;975;975;
977;;Туапсе;Краснодарский край;Южный;61 571;1838;1916;
978;;Туймазы;Башкортостан;Приволжский;68 349;1912;1960;Туймаза
979;;Тула;Тульская область;Центральный;473 622;1146;1146;
980;;Тулун;Иркутская область;Сибирский;38 440;1735;1927;
981;;Туран;Тыва;Сибирский;5044;1885;1945;
982;;Туринск;Свердловская область;Уральский;16 561;1600;1600;Епанчин
983;;Тутаев;Ярославская область;Центральный;39 643;;1822;
984;;Тында;Амурская область;Дальневосточный;28 625;1907;1975;
985;;Тырныауз;Кабардино-Балкария;Северо-Кавказский;22 056;1934;1955;
986;;Тюкалинск;Омская область;Сибирский;9894;1759;1823;Тюкала
987;;Тюмень;Тюменская область;Уральский;847 488;1586;1586;Чинги-Тура
988;;Уварово;Тамбовская область;Центральный;23 584;1699;1966;
989;;Углегорск;Сахалинская область;Дальневосточный;8041;;1946;
990;;Углич;Ярославская область;Центральный;32 719;1148;1148;
991;;Удачный;Якутия;Дальневосточный;12 930;1967;1987;
992;;Удомля;Тверская область;Центральный;25 950;1478;1981;
993;;Ужур;Красноярский край;Сибирский;14 134;1760;1953;Усул
994;;Узловая;Тульская область;Центральный;49 427;1873;1938;
995;;Улан-Удэ;Бурятия;Сибирский;437 565;1666;1690;
996;;Ульяновск;Ульяновская область;Приволжский;617 352;1648;1648;
997;;Унеча;Брянская область;Центральный;24 274;1887;1940;
998;;Урай;Ханты-Мансийский АО;Уральский;41 315;1922;1965;
999;;Урень;Нижегородская область;Приволжский;12 450;1719;1973;Трёхсвятское
1000;;Уржум;Кировская область;Приволжский;8448;1584;1796;
1001;;Урус-Мартан;Чечня;Северо-Кавказский;63 449;;1990;
1002;;Урюпинск;Волгоградская область;Южный;36 669;1618;1929;
1003;;Усинск;Коми;Северо-Западный;32 182;1966;1984;
1004;;Усмань;Липецкая область;Центральный;19 662;1645;1779;
1005;;Усолье-Сибирское;Иркутская область;Сибирский;74 762;1669;1925;
1006;;Усолье;Пермский край;Приволжский;6619;1606;1940;
1007;;Уссурийск;Приморский край;Дальневосточный;180 393;1866;1898;
1008;;Усть-Джегута;Карачаево-Черкесия;Северо-Кавказский;31 137;1868;1975;
1009;;Усть-Илимск;Иркутская область;Сибирский;79 570;1966;1973;
1010;;Усть-Катав;Челябинская область;Уральский;21 439;1758;1942;Усть-Катавский завод
1011;;Усть-Кут;Иркутская область;Сибирский;36 918;1631;1954;
1012;;Усть-Лабинск;Краснодарский край;Южный;40 158;1794;1958;
1013;;Устюжна;Вологодская область;Северо-Западный;7843;1252;1252;
1014;;Уфа;Башкортостан;Приволжский;1 144 809;1574;1586;
1015;;Ухта;Коми;Северо-Западный;79 899;1929;1943;
1016;;Учалы;Башкортостан;Приволжский;36 175;;1963;
1017;;Уяр;Красноярский край;Сибирский;12 036;1760;1944;Клюквенная
1018;;Фатеж;Курская область;Центральный;4691;;1779;
1019;;;Крым;Южный;66 293;;;
1020;;Фокино;Брянская область;Центральный;12 538;1899;1964;
1021;;Фокино;Приморский край;Дальневосточный;19 711;1891;1980;
1022;;Фролово;Волгоградская область;Южный;35 661;1859;1936;
1023;;Фрязино;Московская область;Центральный;60 580;1584;1951;
1024;;Фурманов;Ивановская область;Центральный;29 715;1918;1918;
1025;;Хабаровск;Хабаровский край;Дальневосточный;617 441;1858;1880;
1026;;Хадыженск;Краснодарский край;Южный;22 094;1864;1949;
1027;;Ханты-Мансийск;Ханты-Мансийский АО — Югра;Уральский;107 473;1582;1950;
1028;;Харабали;Астраханская область;Южный;18 514;1789;1974;
1029;;Харовск;Вологодская область;Северо-Западный;8389;1903;1954;
1030;;Хасавюрт;Дагестан;Северо-Кавказский;155 144;1846;1931;
1031;;Хвалынск;Саратовская область;Приволжский;12 042;1556;1780;
1032;;Хилок;Забайкальский край;Сибирский;9948;1895;1951;
1033;;Химки;Московская область;Центральный;257 128;1850;1939;
1034;;Холм;Новгородская область;Северо-Западный;3214;1144;1777;
1035;;Холмск;Сахалинская область;Дальневосточный;25 677;1870;1922;
1036;;Хотьково;Московская область;Центральный;20 466;1308;1949;
1037;;Цивильск;Чувашия;Приволжский;12 762;1589;1781;
1038;;Цимлянск;Ростовская область;Южный;14 731;1672;1961;
1039;;Циолковский;Амурская область;Дальневосточный;7194;1961;2015;
1040;;Чадан;Тыва;Сибирский;9732;1873;1945;
1041;;Чайковский;Пермский край;Приволжский;75 837;1955;1962;
1042;;Чапаевск;Самарская область;Приволжский;70 228;1909;1927;
1043;;Чаплыгин;Липецкая область;Центральный;11 579;1638;1778;
1044;;Чебаркуль;Челябинская область;Уральский;44 693;1736;1951;
1045;;Чебоксары;Чувашия;Приволжский;497 807;1469;1469;
1046;;Чегем;Кабардино-Балкария;Северо-Кавказский;20 736;1822;2000;
1047;;Чекалин;Тульская область;Центральный;935;1565;1746;
1048;;Челябинск;Челябинская область;Уральский;1 189 525;1736;1781;
1049;;Чердынь;Пермский край;Приволжский;4590;1451;1535;
1050;;Черемхово;Иркутская область;Сибирский;53 958;1772;1917;Черемховское
1051;;Черепаново;Новосибирская область;Сибирский;19 900;1912;1925;
1052;;Череповец;Вологодская область;Северо-Западный;305 185;1777;1777;
1053;;Черкесск;Карачаево-Черкесия;Северо-Кавказский;113 226;1825;1931;
1054;;Чёрмоз;Пермский край;Приволжский;3044;1701;1943;
1055;;Черноголовка;Московская область;Центральный;19 530;1710;2001;
1056;;Черногорск;Хакасия;Сибирский;75 745;1936;1936;
1057;;Чернушка;Пермский край;Приволжский;32 991;1854;1966;
1058;;Черняховск;Калининградская область;Северо-Западный;36 128;1336;1583;
1059;;Чехов;Московская область;Центральный;89 025;1175;1954;
1060;;Чистополь;Татарстан;Приволжский;58 815;;1781;
1061;;Чита;Забайкальский край;Сибирский;334 427;1653;1851;
1062;;Чкаловск;Нижегородская область;Приволжский;11 535;;1955;
1063;;Чудово;Новгородская область;Северо-Западный;14 302;;1937;
1064;;Чулым;Новосибирская область;Сибирский;11 034;1762;1947;
1065;;Чусовой;Пермский край;Приволжский;45 471;1878;1933;
1066;;Чухлома;Костромская область;Центральный;4252;1381;1778;
1067;;Шагонар;Тыва;Сибирский;11 772;1888;1945;
1068;;Шадринск;Курганская область;Уральский;68 609;1662;1712;
1069;;Шали;Чечня;Северо-Кавказский;55 054;;1990;
1070;;Шарыпово;Красноярский край;Сибирский;33 961;;1981;
1071;;Шарья;Костромская область;Центральный;20 439;1906;1938;
1072;;Шатура;Московская область;Центральный;38 230;1423;1936;
1073;;Шахты;Ростовская область;Южный;226 452;1805;1867;
1074;;Шахунья;Нижегородская область;Приволжский;17 626;1912;1943;
1075;;Шацк;Рязанская область;Центральный;5927;1553;1553;
1076;;Шебекино;Белгородская область;Центральный;39 680;1713;1938;
1077;;Шелехов;Иркутская область;Сибирский;41 998;1953;1962;
1078;;Шенкурск;Архангельская область;Северо-Западный;4600;1137;1780;
1079;;Шилка;Забайкальский край;Сибирский;12 046;1897;1951;
1080;;Шимановск;Амурская область;Дальневосточный;16 488;1910;1950;
1081;;Шиханы;Саратовская область;Приволжский;5155;1928;1996;
1082;;Шлиссельбург;Ленинградская область;Северо-Западный;14 131;1323;1780;
1083;;Шумерля;Чувашия;Приволжский;26 873;1916;1937;
1084;;Шумиха;Курганская область;Уральский;16 264;1892;1944;
1085;;Шуя;Ивановская область;Центральный;55 225;1394;1778;Борисоглебская слобода
1086;;Щёкино;Тульская область;Центральный;55 109;1870;1938;
1087;;;Крым;Южный;10 131;1978;1992;
1088;;Щёлково;Московская область;Центральный;134 211;;1925;
1089;;Щигры;Курская область;Центральный;14 927;;1779;
1090;;Щучье;Курганская область;Уральский;8252;1750;1945;
1091;;Электрогорск;Московская область;Центральный;29 982;1912;1946;
1092;;Электросталь;Московская область;Центральный;146 403;1916;1938;
1093;;Электроугли;Московская область;Центральный;17 944;1899;1956;
1094;;Элиста;Калмыкия;Южный;102 583;1865;1930;
1095;;Энгельс;Саратовская область;Приволжский;225 428;1747;1914;
1096;;Эртиль;Воронежская область;Центральный;10 024;1897;1963;Ертил
1097;;Югорск;Ханты-Мансийский АО;Уральский;38 238;1962;1992;
1098;;Южа;Ивановская область;Центральный;12 957;1628;1925;
1099;;Южно-Сахалинск;Сахалинская область;Дальневосточный;181 587;1882;1905;
1100;;Южно-Сухокумск;Дагестан;Северо-Кавказский;10 503;1958;1988;
1101;;Южноуральск;Челябинская область;Уральский;37 478;1948;1963;
1102;;Юрга;Кемеровская область;Сибирский;79 693;1886;1949;
1103;;Юрьев-Польский;Владимирская область;Центральный;17 276;1152;1778;
1104;;Юрьевец;Ивановская область;Центральный;7899;1225;1778;
1105;;Юрюзань;Челябинская область;Уральский;10 284;1758;1943;
1106;;Юхнов;Калужская область;Центральный;6610;1410;1777;
1107;;Ядрин;Чувашия;Приволжский;7918;1590;1781;
1108;;Якутск;Якутия;Дальневосточный;355 443;1632;1643;
1109;;;Крым;Южный;74 652;1154;1838;
1110;;Ялуторовск;Тюменская область;Уральский;38 853;1659;1782;
1111;;Янаул;Башкортостан;Приволжский;25 908;1730-е;1991;
1112;;Яранск;Кировская область;Приволжский;14 284;1584;1780;
1113;;Яровое;Алтайский край;Сибирский;16 424;1943;1993;
1114;;Ярославль;Ярославская область;Центральный;577 279;1010;1071;
1115;;Ярцево;Смоленская область;Центральный;41 452;1610;1926;
1116;;Ясногорск;Тульская область;Центральный;15 269;1578;1958;
1117;;Ясный;Оренбургская область;Приволжский;15 471;1961;1979;
1118;;Яхрома;Московская область;Центральный;14 011;1841;1940;
1;;;Севастополь;Южный;35 919;VIII в. до н. э.;2019;Баликайя, Симболум, Символон, Чембало, Ямболи
2;;Зеленогорск;Санкт-Петербург;Северо-Западный;15 613;1548;1946;
3;;Зеленоград;Москва;Центральный;256 775;1963;1963;
4;;;Севастополь;Южный;13 858;VI век н. э.;1976;
5;;Колпино;Санкт-Петербург;Северо-Западный;142 108;1722;1912;
6;;Красное Село;Санкт-Петербург;Северо-Западный;56 533;1714;1999;муниципальный округ № 43
7;;Кронштадт;Санкт-Петербург;Северо-Западный;44 399;1704;1704;Кроншлот
8;;Ломоносов;Санкт-Петербург;Северо-Западный;39 147;1710;1780;
9;;Московский;Москва;Центральный;;1969;2004;Передельцы
10;;Павловск;Санкт-Петербург;Северо-Западный;17 463;1777;1796;
11;;Петергоф;Санкт-Петербург;Северо-Западный;80 814;1710;1762;
12;;Пушкин;Санкт-Петербург;Северо-Западный;107 223;1710;1808;
13;;Сестрорецк;Санкт-Петербург;Северо-Западный;45 192;1714;1925;
14;;Троицк;Москва;Центральный;65 043;1751;1977;пустошь Троицкая, Троицкое
15;;Щербинка;Москва;Центральный;56 531;1766;1975;
